(44.48145, 11.380238)-4-0.jpg;empty;62.0;38.0
(44.48145, 11.380238)-4-45.jpg;empty;75.0;25.0
(44.48145, 11.380238)-4-90.jpg;empty;61.0;39.0
(44.48145, 11.380238)-4-135.jpg;empty;65.0;35.0
(44.48145, 11.380238)-4-175.jpg;empty;60.0;40.0
(44.48145, 11.380238)-4-220.jpg;empty;53.0;47.0
(44.48145, 11.380238)-4-265.jpg;empty;63.0;37.0
(44.48145, 11.380238)-4-310.jpg;empty;76.0;24.0
(44.48145, 11.380238)-4-355.jpg;empty;77.0;23.0
(44.49598, 11.35251)-5-0.jpg;tag;48.0;52.0
(44.49598, 11.35251)-5-45.jpg;tag;48.0;52.0
(44.49598, 11.35251)-5-90.jpg;empty;55.0;45.0
(44.49598, 11.35251)-5-135.jpg;empty;62.0;38.0
(44.49598, 11.35251)-5-175.jpg;empty;50.0;50.0
(44.49598, 11.35251)-5-220.jpg;empty;57.0;43.0
(44.49598, 11.35251)-5-265.jpg;empty;50.0;50.0
(44.49598, 11.35251)-5-310.jpg;tag;41.0;59.0
(44.49598, 11.35251)-5-355.jpg;tag;48.0;52.0
(44.482911, 11.376288)-2-0.jpg;tag;41.0;59.0
(44.482911, 11.376288)-2-45.jpg;tag;41.0;59.0
(44.482911, 11.376288)-2-90.jpg;empty;63.0;37.0
(44.482911, 11.376288)-2-135.jpg;empty;62.0;38.0
(44.482911, 11.376288)-2-175.jpg;tag;40.0;60.0
(44.482911, 11.376288)-2-220.jpg;tag;39.0;61.0
(44.482911, 11.376288)-2-265.jpg;empty;62.0;38.0
(44.482911, 11.376288)-2-310.jpg;tag;47.0;53.0
(44.482911, 11.376288)-2-355.jpg;tag;40.0;60.0
(44.482911, 11.376288)-3-0.jpg;tag;41.0;59.0
(44.482911, 11.376288)-3-45.jpg;tag;41.0;59.0
(44.482911, 11.376288)-3-90.jpg;empty;63.0;37.0
(44.482911, 11.376288)-3-135.jpg;empty;62.0;38.0
(44.482911, 11.376288)-3-175.jpg;tag;40.0;60.0
(44.482911, 11.376288)-3-220.jpg;tag;39.0;61.0
(44.482911, 11.376288)-3-265.jpg;empty;62.0;38.0
(44.482911, 11.376288)-3-310.jpg;tag;47.0;53.0
(44.482911, 11.376288)-3-355.jpg;tag;40.0;60.0
(44.4940171862695, 11.331676429981599)-70-0.jpg;tag;26.0;74.0
(44.4940171862695, 11.331676429981599)-70-45.jpg;tag;32.0;68.0
(44.4940171862695, 11.331676429981599)-70-90.jpg;tag;32.0;68.0
(44.4940171862695, 11.331676429981599)-70-135.jpg;tag;44.0;56.0
(44.4940171862695, 11.331676429981599)-70-175.jpg;tag;47.0;53.0
(44.4940171862695, 11.331676429981599)-70-220.jpg;tag;47.0;53.0
(44.4940171862695, 11.331676429981599)-70-265.jpg;tag;44.0;56.0
(44.4940171862695, 11.331676429981599)-70-310.jpg;tag;40.0;60.0
(44.4940171862695, 11.331676429981599)-70-355.jpg;tag;30.0;70.0
(44.4946217805893, 11.328833288425812)-73-0.jpg;empty;65.0;35.0
(44.4946217805893, 11.328833288425812)-73-45.jpg;empty;54.0;46.0
(44.4946217805893, 11.328833288425812)-73-90.jpg;empty;55.0;45.0
(44.4946217805893, 11.328833288425812)-73-135.jpg;empty;56.0;44.0
(44.4946217805893, 11.328833288425812)-73-175.jpg;empty;63.0;37.0
(44.4946217805893, 11.328833288425812)-73-220.jpg;empty;53.0;47.0
(44.4946217805893, 11.328833288425812)-73-265.jpg;empty;53.0;47.0
(44.4946217805893, 11.328833288425812)-73-310.jpg;empty;72.0;28.0
(44.4946217805893, 11.328833288425812)-73-355.jpg;empty;65.0;35.0
(44.4948207595544, 11.342609114744846)-60-0.jpg;empty;65.0;35.0
(44.4948207595544, 11.342609114744846)-60-45.jpg;empty;72.0;28.0
(44.4948207595544, 11.342609114744846)-60-90.jpg;empty;64.0;36.0
(44.4948207595544, 11.342609114744846)-60-135.jpg;empty;83.0;17.0
(44.4948207595544, 11.342609114744846)-60-175.jpg;empty;61.0;39.0
(44.4948207595544, 11.342609114744846)-60-220.jpg;empty;54.0;46.0
(44.4948207595544, 11.342609114744846)-60-265.jpg;empty;57.0;43.0
(44.4948207595544, 11.342609114744846)-60-310.jpg;tag;40.0;60.0
(44.4948207595544, 11.342609114744846)-60-355.jpg;empty;62.0;38.0
(44.4955214726114, 11.351756545482203)-37-0.jpg;tag;42.0;58.0
(44.4955214726114, 11.351756545482203)-37-45.jpg;tag;47.0;53.0
(44.4955214726114, 11.351756545482203)-37-90.jpg;empty;57.0;43.0
(44.4955214726114, 11.351756545482203)-37-135.jpg;empty;52.0;48.0
(44.4955214726114, 11.351756545482203)-37-175.jpg;tag;49.0;51.0
(44.4955214726114, 11.351756545482203)-37-220.jpg;tag;45.0;55.0
(44.4955214726114, 11.351756545482203)-37-265.jpg;tag;36.0;64.0
(44.4955214726114, 11.351756545482203)-37-310.jpg;empty;59.0;41.0
(44.4955214726114, 11.351756545482203)-37-355.jpg;empty;58.0;42.0
(44.4957319274746, 11.35159561294131)-38-0.jpg;empty;69.0;31.0
(44.4957319274746, 11.35159561294131)-38-45.jpg;empty;53.0;47.0
(44.4957319274746, 11.35159561294131)-38-90.jpg;tag;43.0;57.0
(44.4957319274746, 11.35159561294131)-38-135.jpg;tag;47.0;53.0
(44.4957319274746, 11.35159561294131)-38-175.jpg;tag;43.0;57.0
(44.4957319274746, 11.35159561294131)-38-220.jpg;tag;33.0;67.0
(44.4957319274746, 11.35159561294131)-38-265.jpg;tag;46.0;54.0
(44.4957319274746, 11.35159561294131)-38-310.jpg;tag;43.0;57.0
(44.4957319274746, 11.35159561294131)-38-355.jpg;empty;63.0;37.0
(44.48401089406933, 11.372986583446618)-11-0.jpg;empty;63.0;37.0
(44.48401089406933, 11.372986583446618)-11-45.jpg;empty;63.0;37.0
(44.48401089406933, 11.372986583446618)-11-90.jpg;empty;66.0;34.0
(44.48401089406933, 11.372986583446618)-11-135.jpg;empty;62.0;38.0
(44.48401089406933, 11.372986583446618)-11-175.jpg;empty;69.0;31.0
(44.48401089406933, 11.372986583446618)-11-220.jpg;empty;58.0;42.0
(44.48401089406933, 11.372986583446618)-11-265.jpg;empty;62.0;38.0
(44.48401089406933, 11.372986583446618)-11-310.jpg;empty;67.0;33.0
(44.48401089406933, 11.372986583446618)-11-355.jpg;empty;75.0;25.0
(44.48560299721478, 11.369381694530603)-13-0.jpg;empty;52.0;48.0
(44.48560299721478, 11.369381694530603)-13-45.jpg;empty;60.0;40.0
(44.48560299721478, 11.369381694530603)-13-90.jpg;empty;68.0;32.0
(44.48560299721478, 11.369381694530603)-13-135.jpg;empty;50.0;50.0
(44.48560299721478, 11.369381694530603)-13-175.jpg;tag;47.0;53.0
(44.48560299721478, 11.369381694530603)-13-220.jpg;empty;55.0;45.0
(44.48560299721478, 11.369381694530603)-13-265.jpg;empty;58.0;42.0
(44.48560299721478, 11.369381694530603)-13-310.jpg;empty;59.0;41.0
(44.48560299721478, 11.369381694530603)-13-355.jpg;tag;50.0;50.0
(44.48621533291853, 11.367622165416833)-14-0.jpg;tag;47.0;53.0
(44.48621533291853, 11.367622165416833)-14-45.jpg;tag;46.0;54.0
(44.48621533291853, 11.367622165416833)-14-90.jpg;tag;46.0;54.0
(44.48621533291853, 11.367622165416833)-14-135.jpg;empty;64.0;36.0
(44.48621533291853, 11.367622165416833)-14-175.jpg;tag;44.0;56.0
(44.48621533291853, 11.367622165416833)-14-220.jpg;empty;58.0;42.0
(44.48621533291853, 11.367622165416833)-14-265.jpg;empty;60.0;40.0
(44.48621533291853, 11.367622165416833)-14-310.jpg;empty;63.0;37.0
(44.48621533291853, 11.367622165416833)-14-355.jpg;tag;49.0;51.0
(44.48682766242804, 11.365819720958825)-15-0.jpg;empty;62.0;38.0
(44.48682766242804, 11.365819720958825)-15-45.jpg;empty;61.0;39.0
(44.48682766242804, 11.365819720958825)-15-90.jpg;empty;51.0;49.0
(44.48682766242804, 11.365819720958825)-15-135.jpg;tag;47.0;53.0
(44.48682766242804, 11.365819720958825)-15-175.jpg;empty;55.0;45.0
(44.48682766242804, 11.365819720958825)-15-220.jpg;tag;42.0;58.0
(44.48682766242804, 11.365819720958825)-15-265.jpg;tag;49.0;51.0
(44.48682766242804, 11.365819720958825)-15-310.jpg;empty;57.0;43.0
(44.48682766242804, 11.365819720958825)-15-355.jpg;empty;74.0;26.0
(44.48811353333538, 11.363073138927575)-17-0.jpg;empty;75.0;25.0
(44.48811353333538, 11.363073138927575)-17-45.jpg;empty;67.0;33.0
(44.48811353333538, 11.363073138927575)-17-90.jpg;tag;49.0;51.0
(44.48811353333538, 11.363073138927575)-17-135.jpg;tag;45.0;55.0
(44.48811353333538, 11.363073138927575)-17-175.jpg;tag;47.0;53.0
(44.48811353333538, 11.363073138927575)-17-220.jpg;empty;52.0;48.0
(44.48811353333538, 11.363073138927575)-17-265.jpg;empty;52.0;48.0
(44.48811353333538, 11.363073138927575)-17-310.jpg;empty;71.0;29.0
(44.48811353333538, 11.363073138927575)-17-355.jpg;empty;76.0;24.0
(44.48881768771565, 11.360584048961755)-18-0.jpg;tag;49.0;51.0
(44.48881768771565, 11.360584048961755)-18-45.jpg;empty;65.0;35.0
(44.48881768771565, 11.360584048961755)-18-90.jpg;empty;61.0;39.0
(44.48881768771565, 11.360584048961755)-18-135.jpg;empty;65.0;35.0
(44.48881768771565, 11.360584048961755)-18-175.jpg;empty;57.0;43.0
(44.48881768771565, 11.360584048961755)-18-220.jpg;tag;42.0;58.0
(44.48881768771565, 11.360584048961755)-18-265.jpg;tag;44.0;56.0
(44.48881768771565, 11.360584048961755)-18-310.jpg;empty;62.0;38.0
(44.48881768771565, 11.360584048961755)-18-355.jpg;empty;65.0;35.0
(44.48998105645053, 11.357708723517135)-20-0.jpg;empty;66.0;34.0
(44.48998105645053, 11.357708723517135)-20-45.jpg;empty;74.0;26.0
(44.48998105645053, 11.357708723517135)-20-90.jpg;empty;51.0;49.0
(44.48998105645053, 11.357708723517135)-20-135.jpg;empty;65.0;35.0
(44.48998105645053, 11.357708723517135)-20-175.jpg;empty;56.0;44.0
(44.48998105645053, 11.357708723517135)-20-220.jpg;empty;60.0;40.0
(44.48998105645053, 11.357708723517135)-20-265.jpg;empty;66.0;34.0
(44.48998105645053, 11.357708723517135)-20-310.jpg;empty;70.0;30.0
(44.48998105645053, 11.357708723517135)-20-355.jpg;empty;58.0;42.0
(44.49135869859289, 11.357408313488122)-21-0.jpg;empty;63.0;37.0
(44.49135869859289, 11.357408313488122)-21-45.jpg;empty;70.0;30.0
(44.49135869859289, 11.357408313488122)-21-90.jpg;empty;77.0;23.0
(44.49135869859289, 11.357408313488122)-21-135.jpg;empty;52.0;48.0
(44.49135869859289, 11.357408313488122)-21-175.jpg;empty;68.0;32.0
(44.49135869859289, 11.357408313488122)-21-220.jpg;empty;72.0;28.0
(44.49135869859289, 11.357408313488122)-21-265.jpg;empty;81.0;19.0
(44.49135869859289, 11.357408313488122)-21-310.jpg;empty;69.0;31.0
(44.49135869859289, 11.357408313488122)-21-355.jpg;empty;63.0;37.0
(44.49347381122602, 11.334605402225861)-68-0.jpg;tag;46.0;54.0
(44.49347381122602, 11.334605402225861)-68-45.jpg;empty;56.0;44.0
(44.49347381122602, 11.334605402225861)-68-90.jpg;empty;62.0;38.0
(44.49347381122602, 11.334605402225861)-68-135.jpg;tag;49.0;51.0
(44.49347381122602, 11.334605402225861)-68-175.jpg;empty;55.0;45.0
(44.49347381122602, 11.334605402225861)-68-220.jpg;empty;59.0;41.0
(44.49347381122602, 11.334605402225861)-68-265.jpg;tag;46.0;54.0
(44.49347381122602, 11.334605402225861)-68-310.jpg;empty;51.0;49.0
(44.49347381122602, 11.334605402225861)-68-355.jpg;tag;45.0;55.0
(44.49358095609526, 11.336096711747814)-66-0.jpg;empty;62.0;38.0
(44.49358095609526, 11.336096711747814)-66-45.jpg;empty;66.0;34.0
(44.49358095609526, 11.336096711747814)-66-90.jpg;empty;59.0;41.0
(44.49358095609526, 11.336096711747814)-66-135.jpg;tag;43.0;57.0
(44.49358095609526, 11.336096711747814)-66-175.jpg;tag;36.0;64.0
(44.49358095609526, 11.336096711747814)-66-220.jpg;empty;55.0;45.0
(44.49358095609526, 11.336096711747814)-66-265.jpg;empty;69.0;31.0
(44.49358095609526, 11.336096711747814)-66-310.jpg;empty;59.0;41.0
(44.49358095609526, 11.336096711747814)-66-355.jpg;empty;60.0;40.0
(44.49379524489289, 11.332856602602988)-69-0.jpg;empty;53.0;47.0
(44.49379524489289, 11.332856602602988)-69-45.jpg;empty;55.0;45.0
(44.49379524489289, 11.332856602602988)-69-90.jpg;empty;70.0;30.0
(44.49379524489289, 11.332856602602988)-69-135.jpg;empty;68.0;32.0
(44.49379524489289, 11.332856602602988)-69-175.jpg;tag;42.0;58.0
(44.49379524489289, 11.332856602602988)-69-220.jpg;empty;56.0;44.0
(44.49379524489289, 11.332856602602988)-69-265.jpg;empty;64.0;36.0
(44.49379524489289, 11.332856602602988)-69-310.jpg;empty;70.0;30.0
(44.49379524489289, 11.332856602602988)-69-355.jpg;empty;52.0;48.0
(44.49387177658858, 11.346417851709703)-57-0.jpg;empty;55.0;45.0
(44.49387177658858, 11.346417851709703)-57-45.jpg;tag;46.0;54.0
(44.49387177658858, 11.346417851709703)-57-90.jpg;empty;52.0;48.0
(44.49387177658858, 11.346417851709703)-57-135.jpg;tag;45.0;55.0
(44.49387177658858, 11.346417851709703)-57-175.jpg;empty;60.0;40.0
(44.49387177658858, 11.346417851709703)-57-220.jpg;empty;64.0;36.0
(44.49387177658858, 11.346417851709703)-57-265.jpg;tag;43.0;57.0
(44.49387177658858, 11.346417851709703)-57-310.jpg;empty;72.0;28.0
(44.49387177658858, 11.346417851709703)-57-355.jpg;empty;60.0;40.0
(44.49394065495439, 11.345130391218845)-58-0.jpg;tag;46.0;54.0
(44.49394065495439, 11.345130391218845)-58-45.jpg;empty;51.0;49.0
(44.49394065495439, 11.345130391218845)-58-90.jpg;empty;83.0;17.0
(44.49394065495439, 11.345130391218845)-58-135.jpg;empty;69.0;31.0
(44.49394065495439, 11.345130391218845)-58-175.jpg;empty;61.0;39.0
(44.49394065495439, 11.345130391218845)-58-220.jpg;empty;60.0;40.0
(44.49394065495439, 11.345130391218845)-58-265.jpg;empty;76.0;24.0
(44.49394065495439, 11.345130391218845)-58-310.jpg;empty;67.0;33.0
(44.49394065495439, 11.345130391218845)-58-355.jpg;empty;50.0;50.0
(44.49407075828794, 11.357039398426423)-22-0.jpg;tag;40.0;60.0
(44.49407075828794, 11.357039398426423)-22-45.jpg;tag;49.0;51.0
(44.49407075828794, 11.357039398426423)-22-90.jpg;empty;67.0;33.0
(44.49407075828794, 11.357039398426423)-22-135.jpg;empty;63.0;37.0
(44.49407075828794, 11.357039398426423)-22-175.jpg;empty;52.0;48.0
(44.49407075828794, 11.357039398426423)-22-220.jpg;empty;55.0;45.0
(44.49407075828794, 11.357039398426423)-22-265.jpg;empty;56.0;44.0
(44.49407075828794, 11.357039398426423)-22-310.jpg;empty;66.0;34.0
(44.49407075828794, 11.357039398426423)-22-355.jpg;tag;37.0;63.0
(44.49408606453654, 11.35618109285133)-23-0.jpg;tag;41.0;59.0
(44.49408606453654, 11.35618109285133)-23-45.jpg;empty;67.0;33.0
(44.49408606453654, 11.35618109285133)-23-90.jpg;empty;56.0;44.0
(44.49408606453654, 11.35618109285133)-23-135.jpg;tag;50.0;50.0
(44.49408606453654, 11.35618109285133)-23-175.jpg;tag;47.0;53.0
(44.49408606453654, 11.35618109285133)-23-220.jpg;empty;54.0;46.0
(44.49408606453654, 11.35618109285133)-23-265.jpg;tag;33.0;67.0
(44.49408606453654, 11.35618109285133)-23-310.jpg;tag;47.0;53.0
(44.49408606453654, 11.35618109285133)-23-355.jpg;tag;38.0;62.0
(44.49410902390189, 11.354153341526398)-26-0.jpg;tag;43.0;57.0
(44.49410902390189, 11.354153341526398)-26-45.jpg;empty;61.0;39.0
(44.49410902390189, 11.354153341526398)-26-90.jpg;empty;55.0;45.0
(44.49410902390189, 11.354153341526398)-26-135.jpg;empty;59.0;41.0
(44.49410902390189, 11.354153341526398)-26-175.jpg;tag;47.0;53.0
(44.49410902390189, 11.354153341526398)-26-220.jpg;tag;40.0;60.0
(44.49410902390189, 11.354153341526398)-26-265.jpg;tag;34.0;66.0
(44.49410902390189, 11.354153341526398)-26-310.jpg;empty;52.0;48.0
(44.49410902390189, 11.354153341526398)-26-355.jpg;tag;37.0;63.0
(44.49412096847171, 11.353542897340958)-28-0.jpg;empty;52.0;48.0
(44.49412096847171, 11.353542897340958)-28-45.jpg;empty;73.0;27.0
(44.49412096847171, 11.353542897340958)-28-90.jpg;empty;60.0;40.0
(44.49412096847171, 11.353542897340958)-28-135.jpg;empty;62.0;38.0
(44.49412096847171, 11.353542897340958)-28-175.jpg;tag;44.0;56.0
(44.49412096847171, 11.353542897340958)-28-220.jpg;empty;55.0;45.0
(44.49412096847171, 11.353542897340958)-28-265.jpg;empty;59.0;41.0
(44.49412096847171, 11.353542897340958)-28-310.jpg;empty;60.0;40.0
(44.49412096847171, 11.353542897340958)-28-355.jpg;empty;66.0;34.0
(44.49413244814863, 11.353210304077948)-29-0.jpg;empty;58.0;42.0
(44.49413244814863, 11.353210304077948)-29-45.jpg;empty;54.0;46.0
(44.49413244814863, 11.353210304077948)-29-90.jpg;empty;65.0;35.0
(44.49413244814863, 11.353210304077948)-29-135.jpg;tag;48.0;52.0
(44.49413244814863, 11.353210304077948)-29-175.jpg;tag;47.0;53.0
(44.49413244814863, 11.353210304077948)-29-220.jpg;tag;38.0;62.0
(44.49413244814863, 11.353210304077948)-29-265.jpg;empty;59.0;41.0
(44.49413244814863, 11.353210304077948)-29-310.jpg;empty;61.0;39.0
(44.49413244814863, 11.353210304077948)-29-355.jpg;empty;63.0;37.0
(44.49428504516902, 11.330496258015046)-71-0.jpg;empty;61.0;39.0
(44.49428504516902, 11.330496258015046)-71-45.jpg;empty;59.0;41.0
(44.49428504516902, 11.330496258015046)-71-90.jpg;empty;61.0;39.0
(44.49428504516902, 11.330496258015046)-71-135.jpg;empty;54.0;46.0
(44.49428504516902, 11.330496258015046)-71-175.jpg;empty;58.0;42.0
(44.49428504516902, 11.330496258015046)-71-220.jpg;tag;47.0;53.0
(44.49428504516902, 11.330496258015046)-71-265.jpg;empty;62.0;38.0
(44.49428504516902, 11.330496258015046)-71-310.jpg;empty;56.0;44.0
(44.49428504516902, 11.330496258015046)-71-355.jpg;empty;61.0;39.0
(44.49440749457336, 11.349883265756944)-54-0.jpg;tag;36.0;64.0
(44.49440749457336, 11.349883265756944)-54-45.jpg;tag;41.0;59.0
(44.49440749457336, 11.349883265756944)-54-90.jpg;tag;44.0;56.0
(44.49440749457336, 11.349883265756944)-54-135.jpg;tag;41.0;59.0
(44.49440749457336, 11.349883265756944)-54-175.jpg;empty;55.0;45.0
(44.49440749457336, 11.349883265756944)-54-220.jpg;tag;37.0;63.0
(44.49440749457336, 11.349883265756944)-54-265.jpg;empty;52.0;48.0
(44.49440749457336, 11.349883265756944)-54-310.jpg;empty;56.0;44.0
(44.49440749457336, 11.349883265756944)-54-355.jpg;tag;44.0;56.0
(44.49450698459031, 11.348263211839367)-55-0.jpg;tag;43.0;57.0
(44.49450698459031, 11.348263211839367)-55-45.jpg;tag;33.0;67.0
(44.49450698459031, 11.348263211839367)-55-90.jpg;empty;59.0;41.0
(44.49450698459031, 11.348263211839367)-55-135.jpg;tag;48.0;52.0
(44.49450698459031, 11.348263211839367)-55-175.jpg;empty;64.0;36.0
(44.49450698459031, 11.348263211839367)-55-220.jpg;tag;44.0;56.0
(44.49450698459031, 11.348263211839367)-55-265.jpg;tag;44.0;56.0
(44.49450698459031, 11.348263211839367)-55-310.jpg;tag;43.0;57.0
(44.49450698459031, 11.348263211839367)-55-355.jpg;tag;45.0;55.0
(44.49450698468154, 11.329562849277863)-72-0.jpg;empty;52.0;48.0
(44.49450698468154, 11.329562849277863)-72-45.jpg;tag;34.0;66.0
(44.49450698468154, 11.329562849277863)-72-90.jpg;empty;57.0;43.0
(44.49450698468154, 11.329562849277863)-72-135.jpg;empty;63.0;37.0
(44.49450698468154, 11.329562849277863)-72-175.jpg;tag;44.0;56.0
(44.49450698468154, 11.329562849277863)-72-220.jpg;empty;64.0;36.0
(44.49450698468154, 11.329562849277863)-72-265.jpg;tag;47.0;53.0
(44.49450698468154, 11.329562849277863)-72-310.jpg;empty;51.0;49.0
(44.49450698468154, 11.329562849277863)-72-355.jpg;tag;40.0;60.0
(44.49452275581974, 11.353349778946722)-30-0.jpg;tag;49.0;51.0
(44.49452275581974, 11.353349778946722)-30-45.jpg;tag;28.0;72.0
(44.49452275581974, 11.353349778946722)-30-90.jpg;empty;53.0;47.0
(44.49452275581974, 11.353349778946722)-30-135.jpg;tag;40.0;60.0
(44.49452275581974, 11.353349778946722)-30-175.jpg;tag;36.0;64.0
(44.49452275581974, 11.353349778946722)-30-220.jpg;tag;43.0;57.0
(44.49452275581974, 11.353349778946722)-30-265.jpg;empty;64.0;36.0
(44.49452275581974, 11.353349778946722)-30-310.jpg;empty;62.0;38.0
(44.49452275581974, 11.353349778946722)-30-355.jpg;empty;52.0;48.0
(44.49453759682893, 11.336440033846884)-65-0.jpg;empty;55.0;45.0
(44.49453759682893, 11.336440033846884)-65-45.jpg;tag;44.0;56.0
(44.49453759682893, 11.336440033846884)-65-90.jpg;tag;46.0;54.0
(44.49453759682893, 11.336440033846884)-65-135.jpg;empty;53.0;47.0
(44.49453759682893, 11.336440033846884)-65-175.jpg;empty;60.0;40.0
(44.49453759682893, 11.336440033846884)-65-220.jpg;empty;65.0;35.0
(44.49453759682893, 11.336440033846884)-65-265.jpg;empty;72.0;28.0
(44.49453759682893, 11.336440033846884)-65-310.jpg;empty;65.0;35.0
(44.49453759682893, 11.336440033846884)-65-355.jpg;empty;61.0;39.0
(44.49467535193557, 11.327856965654064)-74-0.jpg;tag;48.0;52.0
(44.49467535193557, 11.327856965654064)-74-45.jpg;empty;69.0;31.0
(44.49467535193557, 11.327856965654064)-74-90.jpg;empty;64.0;36.0
(44.49467535193557, 11.327856965654064)-74-135.jpg;empty;60.0;40.0
(44.49467535193557, 11.327856965654064)-74-175.jpg;tag;35.0;65.0
(44.49467535193557, 11.327856965654064)-74-220.jpg;empty;50.0;50.0
(44.49467535193557, 11.327856965654064)-74-265.jpg;tag;31.0;69.0
(44.49467535193557, 11.327856965654064)-74-310.jpg;tag;31.0;69.0
(44.49467535193557, 11.327856965654064)-74-355.jpg;empty;54.0;46.0
(44.49467535199394, 11.343842930891697)-59-0.jpg;empty;57.0;43.0
(44.49467535199394, 11.343842930891697)-59-45.jpg;empty;64.0;36.0
(44.49467535199394, 11.343842930891697)-59-90.jpg;tag;44.0;56.0
(44.49467535199394, 11.343842930891697)-59-135.jpg;empty;59.0;41.0
(44.49467535199394, 11.343842930891697)-59-175.jpg;empty;57.0;43.0
(44.49467535199394, 11.343842930891697)-59-220.jpg;empty;62.0;38.0
(44.49467535199394, 11.343842930891697)-59-265.jpg;tag;50.0;50.0
(44.49467535199394, 11.343842930891697)-59-310.jpg;empty;57.0;43.0
(44.49467535199394, 11.343842930891697)-59-355.jpg;empty;61.0;39.0
(44.49476765365037, 11.3533819654549)-31-0.jpg;tag;47.0;53.0
(44.49476765365037, 11.3533819654549)-31-45.jpg;tag;27.0;73.0
(44.49476765365037, 11.3533819654549)-31-90.jpg;tag;40.0;60.0
(44.49476765365037, 11.3533819654549)-31-135.jpg;tag;41.0;59.0
(44.49476765365037, 11.3533819654549)-31-175.jpg;tag;39.0;61.0
(44.49476765365037, 11.3533819654549)-31-220.jpg;empty;58.0;42.0
(44.49476765365037, 11.3533819654549)-31-265.jpg;empty;68.0;32.0
(44.49476765365037, 11.3533819654549)-31-310.jpg;empty;67.0;33.0
(44.49476765365037, 11.3533819654549)-31-355.jpg;empty;51.0;49.0
(44.49485948951707, 11.352722142037237)-33-0.jpg;tag;41.0;59.0
(44.49485948951707, 11.352722142037237)-33-45.jpg;empty;50.0;50.0
(44.49485948951707, 11.352722142037237)-33-90.jpg;tag;28.0;72.0
(44.49485948951707, 11.352722142037237)-33-135.jpg;tag;49.0;51.0
(44.49485948951707, 11.352722142037237)-33-175.jpg;tag;41.0;59.0
(44.49485948951707, 11.352722142037237)-33-220.jpg;tag;40.0;60.0
(44.49485948951707, 11.352722142037237)-33-265.jpg;empty;54.0;46.0
(44.49485948951707, 11.352722142037237)-33-310.jpg;tag;28.0;72.0
(44.49485948951707, 11.352722142037237)-33-355.jpg;tag;36.0;64.0
(44.49491688738578, 11.352464649971807)-34-0.jpg;tag;35.0;65.0
(44.49491688738578, 11.352464649971807)-34-45.jpg;tag;35.0;65.0
(44.49491688738578, 11.352464649971807)-34-90.jpg;tag;35.0;65.0
(44.49491688738578, 11.352464649971807)-34-135.jpg;empty;55.0;45.0
(44.49491688738578, 11.352464649971807)-34-175.jpg;empty;53.0;47.0
(44.49491688738578, 11.352464649971807)-34-220.jpg;tag;27.0;73.0
(44.49491688738578, 11.352464649971807)-34-265.jpg;tag;46.0;54.0
(44.49491688738578, 11.352464649971807)-34-310.jpg;tag;43.0;57.0
(44.49491688738578, 11.352464649971807)-34-355.jpg;tag;39.0;61.0
(44.49509626794393, 11.324584670655895)-78-0.jpg;empty;60.0;40.0
(44.49509626794393, 11.324584670655895)-78-45.jpg;empty;53.0;47.0
(44.49509626794393, 11.324584670655895)-78-90.jpg;tag;38.0;62.0
(44.49509626794393, 11.324584670655895)-78-135.jpg;empty;53.0;47.0
(44.49509626794393, 11.324584670655895)-78-175.jpg;empty;51.0;49.0
(44.49509626794393, 11.324584670655895)-78-220.jpg;empty;54.0;46.0
(44.49509626794393, 11.324584670655895)-78-265.jpg;tag;40.0;60.0
(44.49509626794393, 11.324584670655895)-78-310.jpg;empty;65.0;35.0
(44.49509626794393, 11.324584670655895)-78-355.jpg;empty;52.0;48.0
(44.49517279777164, 11.340624280073826)-61-0.jpg;tag;43.0;57.0
(44.49517279777164, 11.340624280073826)-61-45.jpg;tag;40.0;60.0
(44.49517279777164, 11.340624280073826)-61-90.jpg;empty;51.0;49.0
(44.49517279777164, 11.340624280073826)-61-135.jpg;tag;40.0;60.0
(44.49517279777164, 11.340624280073826)-61-175.jpg;empty;53.0;47.0
(44.49517279777164, 11.340624280073826)-61-220.jpg;tag;50.0;50.0
(44.49517279777164, 11.340624280073826)-61-265.jpg;empty;71.0;29.0
(44.49517279777164, 11.340624280073826)-61-310.jpg;empty;70.0;30.0
(44.49517279777164, 11.340624280073826)-61-355.jpg;tag;45.0;55.0
(44.49529571059449, 11.352019403275335)-36-0.jpg;tag;36.0;64.0
(44.49529571059449, 11.352019403275335)-36-45.jpg;empty;52.0;48.0
(44.49529571059449, 11.352019403275335)-36-90.jpg;tag;50.0;50.0
(44.49529571059449, 11.352019403275335)-36-135.jpg;tag;42.0;58.0
(44.49529571059449, 11.352019403275335)-36-175.jpg;tag;47.0;53.0
(44.49529571059449, 11.352019403275335)-36-220.jpg;tag;45.0;55.0
(44.49529571059449, 11.352019403275335)-36-265.jpg;tag;34.0;66.0
(44.49529571059449, 11.352019403275335)-36-310.jpg;tag;46.0;54.0
(44.49529571059449, 11.352019403275335)-36-355.jpg;tag;45.0;55.0
(44.49529617524211, 11.355046033859253)-6-0.jpg;empty;51.0;49.0
(44.49529617524211, 11.355046033859253)-6-45.jpg;tag;49.0;51.0
(44.49529617524211, 11.355046033859253)-6-90.jpg;empty;53.0;47.0
(44.49529617524211, 11.355046033859253)-6-135.jpg;tag;31.0;69.0
(44.49529617524211, 11.355046033859253)-6-175.jpg;tag;15.0;85.0
(44.49529617524211, 11.355046033859253)-6-220.jpg;tag;13.0;87.0
(44.49529617524211, 11.355046033859253)-6-265.jpg;tag;28.0;72.0
(44.49529617524211, 11.355046033859253)-6-310.jpg;tag;47.0;53.0
(44.49529617524211, 11.355046033859253)-6-355.jpg;empty;54.0;46.0
(44.49559371027703, 11.338092274600058)-63-0.jpg;empty;67.0;33.0
(44.49559371027703, 11.338092274600058)-63-45.jpg;empty;58.0;42.0
(44.49559371027703, 11.338092274600058)-63-90.jpg;empty;66.0;34.0
(44.49559371027703, 11.338092274600058)-63-135.jpg;empty;56.0;44.0
(44.49559371027703, 11.338092274600058)-63-175.jpg;empty;57.0;43.0
(44.49559371027703, 11.338092274600058)-63-220.jpg;empty;60.0;40.0
(44.49559371027703, 11.338092274600058)-63-265.jpg;empty;50.0;50.0
(44.49559371027703, 11.338092274600058)-63-310.jpg;empty;55.0;45.0
(44.49559371027703, 11.338092274600058)-63-355.jpg;empty;67.0;33.0
(44.49585437386272, 11.351204010425135)-39-0.jpg;empty;56.0;44.0
(44.49585437386272, 11.351204010425135)-39-45.jpg;empty;57.0;43.0
(44.49585437386272, 11.351204010425135)-39-90.jpg;tag;37.0;63.0
(44.49585437386272, 11.351204010425135)-39-135.jpg;tag;45.0;55.0
(44.49585437386272, 11.351204010425135)-39-175.jpg;empty;58.0;42.0
(44.49585437386272, 11.351204010425135)-39-220.jpg;tag;44.0;56.0
(44.49585437386272, 11.351204010425135)-39-265.jpg;tag;49.0;51.0
(44.49585437386272, 11.351204010425135)-39-310.jpg;empty;56.0;44.0
(44.49585437386272, 11.351204010425135)-39-355.jpg;empty;61.0;39.0
(44.49608825168625, 11.350942254066467)-40-0.jpg;tag;50.0;50.0
(44.49608825168625, 11.350942254066467)-40-45.jpg;tag;34.0;66.0
(44.49608825168625, 11.350942254066467)-40-90.jpg;tag;46.0;54.0
(44.49608825168625, 11.350942254066467)-40-135.jpg;empty;51.0;49.0
(44.49608825168625, 11.350942254066467)-40-175.jpg;tag;33.0;67.0
(44.49608825168625, 11.350942254066467)-40-220.jpg;tag;32.0;68.0
(44.49608825168625, 11.350942254066467)-40-265.jpg;tag;49.0;51.0
(44.49608825168625, 11.350942254066467)-40-310.jpg;empty;62.0;38.0
(44.49608825168625, 11.350942254066467)-40-355.jpg;empty;63.0;37.0
(44.49620257937371, 11.350742670474574)-41-0.jpg;empty;58.0;42.0
(44.49620257937371, 11.350742670474574)-41-45.jpg;empty;51.0;49.0
(44.49620257937371, 11.350742670474574)-41-90.jpg;empty;50.0;50.0
(44.49620257937371, 11.350742670474574)-41-135.jpg;empty;59.0;41.0
(44.49620257937371, 11.350742670474574)-41-175.jpg;empty;51.0;49.0
(44.49620257937371, 11.350742670474574)-41-220.jpg;tag;31.0;69.0
(44.49620257937371, 11.350742670474574)-41-265.jpg;empty;60.0;40.0
(44.49620257937371, 11.350742670474574)-41-310.jpg;empty;62.0;38.0
(44.49620257937371, 11.350742670474574)-41-355.jpg;empty;58.0;42.0
(44.49630971957973, 11.355967614290421)-53-0.jpg;empty;65.0;35.0
(44.49630971957973, 11.355967614290421)-53-45.jpg;empty;59.0;41.0
(44.49630971957973, 11.355967614290421)-53-90.jpg;empty;72.0;28.0
(44.49630971957973, 11.355967614290421)-53-135.jpg;tag;48.0;52.0
(44.49630971957973, 11.355967614290421)-53-175.jpg;empty;63.0;37.0
(44.49630971957973, 11.355967614290421)-53-220.jpg;empty;71.0;29.0
(44.49630971957973, 11.355967614290421)-53-265.jpg;empty;65.0;35.0
(44.49630971957973, 11.355967614290421)-53-310.jpg;empty;72.0;28.0
(44.49630971957973, 11.355967614290421)-53-355.jpg;empty;67.0;33.0
(44.49632502524064, 11.350871417816961)-42-0.jpg;empty;63.0;37.0
(44.49632502524064, 11.350871417816961)-42-45.jpg;empty;65.0;35.0
(44.49632502524064, 11.350871417816961)-42-90.jpg;empty;71.0;29.0
(44.49632502524064, 11.350871417816961)-42-135.jpg;empty;58.0;42.0
(44.49632502524064, 11.350871417816961)-42-175.jpg;empty;54.0;46.0
(44.49632502524064, 11.350871417816961)-42-220.jpg;tag;42.0;58.0
(44.49632502524064, 11.350871417816961)-42-265.jpg;empty;65.0;35.0
(44.49632502524064, 11.350871417816961)-42-310.jpg;empty;67.0;33.0
(44.49632502524064, 11.350871417816961)-42-355.jpg;empty;59.0;41.0
(44.49645512272914, 11.35111281531863)-43-0.jpg;tag;32.0;68.0
(44.49645512272914, 11.35111281531863)-43-45.jpg;empty;50.0;50.0
(44.49645512272914, 11.35111281531863)-43-90.jpg;empty;57.0;43.0
(44.49645512272914, 11.35111281531863)-43-135.jpg;tag;48.0;52.0
(44.49645512272914, 11.35111281531863)-43-175.jpg;tag;45.0;55.0
(44.49645512272914, 11.35111281531863)-43-220.jpg;empty;53.0;47.0
(44.49645512272914, 11.35111281531863)-43-265.jpg;empty;75.0;25.0
(44.49645512272914, 11.35111281531863)-43-310.jpg;empty;52.0;48.0
(44.49645512272914, 11.35111281531863)-43-355.jpg;tag;29.0;71.0
(44.49671531776957, 11.351820919808233)-45-0.jpg;tag;38.0;62.0
(44.49671531776957, 11.351820919808233)-45-45.jpg;empty;54.0;46.0
(44.49671531776957, 11.351820919808233)-45-90.jpg;empty;54.0;46.0
(44.49671531776957, 11.351820919808233)-45-135.jpg;empty;52.0;48.0
(44.49671531776957, 11.351820919808233)-45-175.jpg;empty;55.0;45.0
(44.49671531776957, 11.351820919808233)-45-220.jpg;empty;61.0;39.0
(44.49671531776957, 11.351820919808233)-45-265.jpg;empty;54.0;46.0
(44.49671531776957, 11.351820919808233)-45-310.jpg;tag;44.0;56.0
(44.49671531776957, 11.351820919808233)-45-355.jpg;tag;32.0;68.0
(44.49697933848798, 11.35240564137348)-47-0.jpg;empty;72.0;28.0
(44.49697933848798, 11.35240564137348)-47-45.jpg;empty;76.0;24.0
(44.49697933848798, 11.35240564137348)-47-90.jpg;empty;75.0;25.0
(44.49697933848798, 11.35240564137348)-47-135.jpg;empty;64.0;36.0
(44.49697933848798, 11.35240564137348)-47-175.jpg;empty;58.0;42.0
(44.49697933848798, 11.35240564137348)-47-220.jpg;empty;58.0;42.0
(44.49697933848798, 11.35240564137348)-47-265.jpg;empty;58.0;42.0
(44.49697933848798, 11.35240564137348)-47-310.jpg;empty;66.0;34.0
(44.49697933848798, 11.35240564137348)-47-355.jpg;empty;77.0;23.0
(44.49703290720137, 11.353714559372747)-50-0.jpg;tag;37.0;63.0
(44.49703290720137, 11.353714559372747)-50-45.jpg;tag;41.0;59.0
(44.49703290720137, 11.353714559372747)-50-90.jpg;empty;53.0;47.0
(44.49703290720137, 11.353714559372747)-50-135.jpg;empty;61.0;39.0
(44.49703290720137, 11.353714559372747)-50-175.jpg;empty;54.0;46.0
(44.49703290720137, 11.353714559372747)-50-220.jpg;empty;50.0;50.0
(44.49703290720137, 11.353714559372747)-50-265.jpg;tag;38.0;62.0
(44.49703290720137, 11.353714559372747)-50-310.jpg;tag;47.0;53.0
(44.49703290720137, 11.353714559372747)-50-355.jpg;tag;36.0;64.0
(44.49723953118928, 11.353242490586126)-49-0.jpg;tag;26.0;74.0
(44.49723953118928, 11.353242490586126)-49-45.jpg;tag;46.0;54.0
(44.49723953118928, 11.353242490586126)-49-90.jpg;empty;59.0;41.0
(44.49723953118928, 11.353242490586126)-49-135.jpg;empty;52.0;48.0
(44.49723953118928, 11.353242490586126)-49-175.jpg;tag;46.0;54.0
(44.49723953118928, 11.353242490586126)-49-220.jpg;empty;56.0;44.0
(44.49723953118928, 11.353242490586126)-49-265.jpg;tag;32.0;68.0
(44.49723953118928, 11.353242490586126)-49-310.jpg;tag;32.0;68.0
(44.49723953118928, 11.353242490586126)-49-355.jpg;tag;26.0;74.0
(44.49800154286042, 11.330929543473758)-9-0.jpg;empty;53.0;47.0
(44.49800154286042, 11.330929543473758)-9-45.jpg;tag;29.0;71.0
(44.49800154286042, 11.330929543473758)-9-90.jpg;tag;48.0;52.0
(44.49800154286042, 11.330929543473758)-9-135.jpg;tag;43.0;57.0
(44.49800154286042, 11.330929543473758)-9-175.jpg;tag;38.0;62.0
(44.49800154286042, 11.330929543473758)-9-220.jpg;empty;54.0;46.0
(44.49800154286042, 11.330929543473758)-9-265.jpg;empty;56.0;44.0
(44.49800154286042, 11.330929543473758)-9-310.jpg;empty;66.0;34.0
(44.49800154286042, 11.330929543473758)-9-355.jpg;empty;54.0;46.0
(44.485021272342465, 11.370883731578942)-12-0.jpg;empty;51.0;49.0
(44.485021272342465, 11.370883731578942)-12-45.jpg;empty;54.0;46.0
(44.485021272342465, 11.370883731578942)-12-90.jpg;tag;29.0;71.0
(44.485021272342465, 11.370883731578942)-12-135.jpg;tag;39.0;61.0
(44.485021272342465, 11.370883731578942)-12-175.jpg;empty;58.0;42.0
(44.485021272342465, 11.370883731578942)-12-220.jpg;tag;48.0;52.0
(44.485021272342465, 11.370883731578942)-12-265.jpg;tag;50.0;50.0
(44.485021272342465, 11.370883731578942)-12-310.jpg;empty;65.0;35.0
(44.485021272342465, 11.370883731578942)-12-355.jpg;empty;63.0;37.0
(44.487531833149006, 11.364103107189294)-16-0.jpg;empty;67.0;33.0
(44.487531833149006, 11.364103107189294)-16-45.jpg;empty;53.0;47.0
(44.487531833149006, 11.364103107189294)-16-90.jpg;empty;62.0;38.0
(44.487531833149006, 11.364103107189294)-16-135.jpg;tag;38.0;62.0
(44.487531833149006, 11.364103107189294)-16-175.jpg;tag;44.0;56.0
(44.487531833149006, 11.364103107189294)-16-220.jpg;empty;52.0;48.0
(44.487531833149006, 11.364103107189294)-16-265.jpg;tag;47.0;53.0
(44.487531833149006, 11.364103107189294)-16-310.jpg;empty;55.0;45.0
(44.487531833149006, 11.364103107189294)-16-355.jpg;empty;65.0;35.0
(44.489429989556605, 11.35869577381527)-19-0.jpg;empty;55.0;45.0
(44.489429989556605, 11.35869577381527)-19-45.jpg;empty;57.0;43.0
(44.489429989556605, 11.35869577381527)-19-90.jpg;tag;39.0;61.0
(44.489429989556605, 11.35869577381527)-19-135.jpg;tag;40.0;60.0
(44.489429989556605, 11.35869577381527)-19-175.jpg;tag;47.0;53.0
(44.489429989556605, 11.35869577381527)-19-220.jpg;tag;43.0;57.0
(44.489429989556605, 11.35869577381527)-19-265.jpg;tag;40.0;60.0
(44.489429989556605, 11.35869577381527)-19-310.jpg;tag;48.0;52.0
(44.489429989556605, 11.35869577381527)-19-355.jpg;empty;54.0;46.0
(44.493290134166266, 11.335871405535727)-67-0.jpg;tag;42.0;58.0
(44.493290134166266, 11.335871405535727)-67-45.jpg;tag;38.0;62.0
(44.493290134166266, 11.335871405535727)-67-90.jpg;tag;41.0;59.0
(44.493290134166266, 11.335871405535727)-67-135.jpg;tag;27.0;73.0
(44.493290134166266, 11.335871405535727)-67-175.jpg;tag;42.0;58.0
(44.493290134166266, 11.335871405535727)-67-220.jpg;empty;63.0;37.0
(44.493290134166266, 11.335871405535727)-67-265.jpg;empty;61.0;39.0
(44.493290134166266, 11.335871405535727)-67-310.jpg;tag;44.0;56.0
(44.493290134166266, 11.335871405535727)-67-355.jpg;empty;52.0;48.0
(44.493718713344904, 11.341353840762167)-8-0.jpg;empty;78.0;22.0
(44.493718713344904, 11.341353840762167)-8-45.jpg;empty;88.0;12.0
(44.493718713344904, 11.341353840762167)-8-90.jpg;empty;70.0;30.0
(44.493718713344904, 11.341353840762167)-8-135.jpg;empty;53.0;47.0
(44.493718713344904, 11.341353840762167)-8-175.jpg;empty;64.0;36.0
(44.493718713344904, 11.341353840762167)-8-220.jpg;empty;61.0;39.0
(44.493718713344904, 11.341353840762167)-8-265.jpg;empty;55.0;45.0
(44.493718713344904, 11.341353840762167)-8-310.jpg;empty;55.0;45.0
(44.493718713344904, 11.341353840762167)-8-355.jpg;empty;71.0;29.0
(44.494063105162155, 11.355558819050202)-24-0.jpg;tag;35.0;65.0
(44.494063105162155, 11.355558819050202)-24-45.jpg;empty;65.0;35.0
(44.494063105162155, 11.355558819050202)-24-90.jpg;empty;51.0;49.0
(44.494063105162155, 11.355558819050202)-24-135.jpg;tag;35.0;65.0
(44.494063105162155, 11.355558819050202)-24-175.jpg;tag;27.0;73.0
(44.494063105162155, 11.355558819050202)-24-220.jpg;empty;55.0;45.0
(44.494063105162155, 11.355558819050202)-24-265.jpg;tag;47.0;53.0
(44.494063105162155, 11.355558819050202)-24-310.jpg;tag;35.0;65.0
(44.494063105162155, 11.355558819050202)-24-355.jpg;tag;45.0;55.0
(44.494078411412765, 11.354915088886628)-25-0.jpg;empty;51.0;49.0
(44.494078411412765, 11.354915088886628)-25-45.jpg;empty;54.0;46.0
(44.494078411412765, 11.354915088886628)-25-90.jpg;tag;49.0;51.0
(44.494078411412765, 11.354915088886628)-25-135.jpg;empty;53.0;47.0
(44.494078411412765, 11.354915088886628)-25-175.jpg;empty;51.0;49.0
(44.494078411412765, 11.354915088886628)-25-220.jpg;empty;51.0;49.0
(44.494078411412765, 11.354915088886628)-25-265.jpg;tag;39.0;61.0
(44.494078411412765, 11.354915088886628)-25-310.jpg;tag;32.0;68.0
(44.494078411412765, 11.354915088886628)-25-355.jpg;tag;49.0;51.0
(44.494082702865605, 11.353800390061224)-27-0.jpg;tag;29.0;71.0
(44.494082702865605, 11.353800390061224)-27-45.jpg;tag;50.0;50.0
(44.494082702865605, 11.353800390061224)-27-90.jpg;tag;49.0;51.0
(44.494082702865605, 11.353800390061224)-27-135.jpg;empty;61.0;39.0
(44.494082702865605, 11.353800390061224)-27-175.jpg;tag;45.0;55.0
(44.494082702865605, 11.353800390061224)-27-220.jpg;empty;55.0;45.0
(44.494082702865605, 11.353800390061224)-27-265.jpg;empty;79.0;21.0
(44.494082702865605, 11.353800390061224)-27-310.jpg;empty;56.0;44.0
(44.494082702865605, 11.353800390061224)-27-355.jpg;tag;41.0;59.0
(44.494423730765256, 11.345154047012329)-7-0.jpg;empty;56.0;44.0
(44.494423730765256, 11.345154047012329)-7-45.jpg;empty;61.0;39.0
(44.494423730765256, 11.345154047012329)-7-90.jpg;tag;46.0;54.0
(44.494423730765256, 11.345154047012329)-7-135.jpg;empty;56.0;44.0
(44.494423730765256, 11.345154047012329)-7-175.jpg;empty;54.0;46.0
(44.494423730765256, 11.345154047012329)-7-220.jpg;empty;55.0;45.0
(44.494423730765256, 11.345154047012329)-7-265.jpg;empty;60.0;40.0
(44.494423730765256, 11.345154047012329)-7-310.jpg;empty;56.0;44.0
(44.494423730765256, 11.345154047012329)-7-355.jpg;empty;53.0;47.0
(44.494468719343345, 11.347104497217515)-56-0.jpg;empty;58.0;42.0
(44.494468719343345, 11.347104497217515)-56-45.jpg;tag;47.0;53.0
(44.494468719343345, 11.347104497217515)-56-90.jpg;empty;57.0;43.0
(44.494468719343345, 11.347104497217515)-56-135.jpg;tag;50.0;50.0
(44.494468719343345, 11.347104497217515)-56-175.jpg;tag;30.0;70.0
(44.494468719343345, 11.347104497217515)-56-220.jpg;empty;59.0;41.0
(44.494468719343345, 11.347104497217515)-56-265.jpg;empty;59.0;41.0
(44.494468719343345, 11.347104497217515)-56-310.jpg;tag;47.0;53.0
(44.494468719343345, 11.347104497217515)-56-355.jpg;empty;61.0;39.0
(44.494813571368255, 11.35316202431568)-32-0.jpg;empty;54.0;46.0
(44.494813571368255, 11.35316202431568)-32-45.jpg;empty;51.0;49.0
(44.494813571368255, 11.35316202431568)-32-90.jpg;tag;33.0;67.0
(44.494813571368255, 11.35316202431568)-32-135.jpg;tag;44.0;56.0
(44.494813571368255, 11.35316202431568)-32-175.jpg;tag;40.0;60.0
(44.494813571368255, 11.35316202431568)-32-220.jpg;tag;33.0;67.0
(44.494813571368255, 11.35316202431568)-32-265.jpg;empty;64.0;36.0
(44.494813571368255, 11.35316202431568)-32-310.jpg;empty;53.0;47.0
(44.494813571368255, 11.35316202431568)-32-355.jpg;empty;53.0;47.0
(44.494866677653754, 11.327041574113537)-75-0.jpg;empty;57.0;43.0
(44.494866677653754, 11.327041574113537)-75-45.jpg;tag;46.0;54.0
(44.494866677653754, 11.327041574113537)-75-90.jpg;empty;53.0;47.0
(44.494866677653754, 11.327041574113537)-75-135.jpg;empty;58.0;42.0
(44.494866677653754, 11.327041574113537)-75-175.jpg;empty;75.0;25.0
(44.494866677653754, 11.327041574113537)-75-220.jpg;empty;61.0;39.0
(44.494866677653754, 11.327041574113537)-75-265.jpg;empty;62.0;38.0
(44.494866677653754, 11.327041574113537)-75-310.jpg;empty;51.0;49.0
(44.494866677653754, 11.327041574113537)-75-355.jpg;tag;50.0;50.0
(44.494881983693446, 11.32666606354178)-76-0.jpg;empty;50.0;50.0
(44.494881983693446, 11.32666606354178)-76-45.jpg;empty;56.0;44.0
(44.494881983693446, 11.32666606354178)-76-90.jpg;empty;59.0;41.0
(44.494881983693446, 11.32666606354178)-76-135.jpg;empty;64.0;36.0
(44.494881983693446, 11.32666606354178)-76-175.jpg;empty;72.0;28.0
(44.494881983693446, 11.32666606354178)-76-220.jpg;empty;78.0;22.0
(44.494881983693446, 11.32666606354178)-76-265.jpg;empty;69.0;31.0
(44.494881983693446, 11.32666606354178)-76-310.jpg;empty;50.0;50.0
(44.494881983693446, 11.32666606354178)-76-355.jpg;tag;41.0;59.0
(44.495004432041426, 11.325614637607941)-77-0.jpg;tag;46.0;54.0
(44.495004432041426, 11.325614637607941)-77-45.jpg;empty;54.0;46.0
(44.495004432041426, 11.325614637607941)-77-90.jpg;empty;57.0;43.0
(44.495004432041426, 11.325614637607941)-77-135.jpg;tag;49.0;51.0
(44.495004432041426, 11.325614637607941)-77-175.jpg;empty;54.0;46.0
(44.495004432041426, 11.325614637607941)-77-220.jpg;empty;52.0;48.0
(44.495004432041426, 11.325614637607941)-77-265.jpg;empty;56.0;44.0
(44.495004432041426, 11.325614637607941)-77-310.jpg;tag;37.0;63.0
(44.495004432041426, 11.325614637607941)-77-355.jpg;tag;45.0;55.0
(44.495058467977614, 11.352244708832586)-35-0.jpg;empty;60.0;40.0
(44.495058467977614, 11.352244708832586)-35-45.jpg;empty;52.0;48.0
(44.495058467977614, 11.352244708832586)-35-90.jpg;tag;43.0;57.0
(44.495058467977614, 11.352244708832586)-35-135.jpg;tag;40.0;60.0
(44.495058467977614, 11.352244708832586)-35-175.jpg;empty;60.0;40.0
(44.495058467977614, 11.352244708832586)-35-220.jpg;tag;49.0;51.0
(44.495058467977614, 11.352244708832586)-35-265.jpg;tag;40.0;60.0
(44.495058467977614, 11.352244708832586)-35-310.jpg;empty;63.0;37.0
(44.495058467977614, 11.352244708832586)-35-355.jpg;empty;67.0;33.0
(44.495371775075576, 11.33680481427291)-64-0.jpg;tag;42.0;58.0
(44.495371775075576, 11.33680481427291)-64-45.jpg;tag;45.0;55.0
(44.495371775075576, 11.33680481427291)-64-90.jpg;tag;49.0;51.0
(44.495371775075576, 11.33680481427291)-64-135.jpg;empty;62.0;38.0
(44.495371775075576, 11.33680481427291)-64-175.jpg;empty;56.0;44.0
(44.495371775075576, 11.33680481427291)-64-220.jpg;tag;30.0;70.0
(44.495371775075576, 11.33680481427291)-64-265.jpg;empty;54.0;46.0
(44.495371775075576, 11.33680481427291)-64-310.jpg;empty;52.0;48.0
(44.495371775075576, 11.33680481427291)-64-355.jpg;tag;45.0;55.0
(44.495387080749126, 11.33930463307479)-62-0.jpg;empty;56.0;44.0
(44.495387080749126, 11.33930463307479)-62-45.jpg;empty;57.0;43.0
(44.495387080749126, 11.33930463307479)-62-90.jpg;empty;54.0;46.0
(44.495387080749126, 11.33930463307479)-62-135.jpg;empty;81.0;19.0
(44.495387080749126, 11.33930463307479)-62-175.jpg;empty;57.0;43.0
(44.495387080749126, 11.33930463307479)-62-220.jpg;empty;64.0;36.0
(44.495387080749126, 11.33930463307479)-62-265.jpg;empty;58.0;42.0
(44.495387080749126, 11.33930463307479)-62-310.jpg;empty;55.0;45.0
(44.495387080749126, 11.33930463307479)-62-355.jpg;empty;65.0;35.0
(44.496424511938685, 11.35551163875789)-52-0.jpg;empty;62.0;38.0
(44.496424511938685, 11.35551163875789)-52-45.jpg;empty;54.0;46.0
(44.496424511938685, 11.35551163875789)-52-90.jpg;empty;58.0;42.0
(44.496424511938685, 11.35551163875789)-52-135.jpg;empty;59.0;41.0
(44.496424511938685, 11.35551163875789)-52-175.jpg;tag;34.0;66.0
(44.496424511938685, 11.35551163875789)-52-220.jpg;tag;40.0;60.0
(44.496424511938685, 11.35551163875789)-52-265.jpg;empty;73.0;27.0
(44.496424511938685, 11.35551163875789)-52-310.jpg;empty;81.0;19.0
(44.496424511938685, 11.35551163875789)-52-355.jpg;empty;67.0;33.0
(44.496569914801874, 11.351413222728297)-44-0.jpg;tag;34.0;66.0
(44.496569914801874, 11.351413222728297)-44-45.jpg;empty;51.0;49.0
(44.496569914801874, 11.351413222728297)-44-90.jpg;empty;56.0;44.0
(44.496569914801874, 11.351413222728297)-44-135.jpg;tag;38.0;62.0
(44.496569914801874, 11.351413222728297)-44-175.jpg;tag;39.0;61.0
(44.496569914801874, 11.351413222728297)-44-220.jpg;tag;37.0;63.0
(44.496569914801874, 11.351413222728297)-44-265.jpg;empty;52.0;48.0
(44.496569914801874, 11.351413222728297)-44-310.jpg;tag;38.0;62.0
(44.496569914801874, 11.351413222728297)-44-355.jpg;tag;41.0;59.0
(44.496726796935796, 11.354626509782975)-51-0.jpg;tag;24.0;76.0
(44.496726796935796, 11.354626509782975)-51-45.jpg;tag;43.0;57.0
(44.496726796935796, 11.354626509782975)-51-90.jpg;empty;65.0;35.0
(44.496726796935796, 11.354626509782975)-51-135.jpg;empty;76.0;24.0
(44.496726796935796, 11.354626509782975)-51-175.jpg;empty;58.0;42.0
(44.496726796935796, 11.354626509782975)-51-220.jpg;empty;67.0;33.0
(44.496726796935796, 11.354626509782975)-51-265.jpg;empty;61.0;39.0
(44.496726796935796, 11.354626509782975)-51-310.jpg;empty;54.0;46.0
(44.496726796935796, 11.354626509782975)-51-355.jpg;tag;22.0;78.0
(44.496849241701945, 11.352089140709722)-46-0.jpg;empty;61.0;39.0
(44.496849241701945, 11.352089140709722)-46-45.jpg;empty;66.0;34.0
(44.496849241701945, 11.352089140709722)-46-90.jpg;tag;47.0;53.0
(44.496849241701945, 11.352089140709722)-46-135.jpg;empty;58.0;42.0
(44.496849241701945, 11.352089140709722)-46-175.jpg;empty;57.0;43.0
(44.496849241701945, 11.352089140709722)-46-220.jpg;empty;50.0;50.0
(44.496849241701945, 11.352089140709722)-46-265.jpg;tag;43.0;57.0
(44.496849241701945, 11.352089140709722)-46-310.jpg;tag;45.0;55.0
(44.496849241701945, 11.352089140709722)-46-355.jpg;empty;57.0;43.0
(44.497101782256756, 11.352786515053594)-48-0.jpg;tag;44.0;56.0
(44.497101782256756, 11.352786515053594)-48-45.jpg;tag;43.0;57.0
(44.497101782256756, 11.352786515053594)-48-90.jpg;empty;57.0;43.0
(44.497101782256756, 11.352786515053594)-48-135.jpg;empty;66.0;34.0
(44.497101782256756, 11.352786515053594)-48-175.jpg;empty;68.0;32.0
(44.497101782256756, 11.352786515053594)-48-220.jpg;empty;59.0;41.0
(44.497101782256756, 11.352786515053594)-48-265.jpg;empty;60.0;40.0
(44.497101782256756, 11.352786515053594)-48-310.jpg;tag;45.0;55.0
(44.497101782256756, 11.352786515053594)-48-355.jpg;tag;37.0;63.0
(44.498858628816905, 11.3283975381637)-10-0.jpg;tag;36.0;64.0
(44.498858628816905, 11.3283975381637)-10-45.jpg;tag;46.0;54.0
(44.498858628816905, 11.3283975381637)-10-90.jpg;tag;41.0;59.0
(44.498858628816905, 11.3283975381637)-10-135.jpg;empty;61.0;39.0
(44.498858628816905, 11.3283975381637)-10-175.jpg;tag;37.0;63.0
(44.498858628816905, 11.3283975381637)-10-220.jpg;tag;32.0;68.0
(44.498858628816905, 11.3283975381637)-10-265.jpg;tag;44.0;56.0
(44.498858628816905, 11.3283975381637)-10-310.jpg;empty;54.0;46.0
(44.498858628816905, 11.3283975381637)-10-355.jpg;tag;34.0;66.0
