img/(44.49650938332384, 11.346216706795632)-2-0.jpg,img/(44.49650938332384, 11.346216706795632)-2-45.jpg,img/(44.49650938332384, 11.346216706795632)-2-90.jpg,img/(44.49650938332384, 11.346216706795632)-2-135.jpg,img/(44.49650938332384, 11.346216706795632)-2-175.jpg,img/(44.49650938332384, 11.346216706795632)-2-220.jpg,img/(44.49650938332384, 11.346216706795632)-2-265.jpg,img/(44.49650938332384, 11.346216706795632)-2-310.jpg,img/(44.49650938332384, 11.346216706795632)-2-355.jpg,44.49650938332384,11.346216706795632,
img/(44.49043904848912, 11.350303532108875)-3-0.jpg,img/(44.49043904848912, 11.350303532108875)-3-45.jpg,img/(44.49043904848912, 11.350303532108875)-3-90.jpg,img/(44.49043904848912, 11.350303532108875)-3-135.jpg,img/(44.49043904848912, 11.350303532108875)-3-175.jpg,img/(44.49043904848912, 11.350303532108875)-3-220.jpg,img/(44.49043904848912, 11.350303532108875)-3-265.jpg,img/(44.49043904848912, 11.350303532108875)-3-310.jpg,img/(44.49043904848912, 11.350303532108875)-3-355.jpg,44.49043904848912,11.350303532108875,
img/(44.49714028981083, 11.369604644078583)-4-0.jpg,img/(44.49714028981083, 11.369604644078583)-4-45.jpg,img/(44.49714028981083, 11.369604644078583)-4-90.jpg,img/(44.49714028981083, 11.369604644078583)-4-135.jpg,img/(44.49714028981083, 11.369604644078583)-4-175.jpg,img/(44.49714028981083, 11.369604644078583)-4-220.jpg,img/(44.49714028981083, 11.369604644078583)-4-265.jpg,img/(44.49714028981083, 11.369604644078583)-4-310.jpg,img/(44.49714028981083, 11.369604644078583)-4-355.jpg,44.49714028981083,11.369604644078583,
img/(44.48840917277192, 11.3246420655349)-5-0.jpg,img/(44.48840917277192, 11.3246420655349)-5-45.jpg,img/(44.48840917277192, 11.3246420655349)-5-90.jpg,img/(44.48840917277192, 11.3246420655349)-5-135.jpg,img/(44.48840917277192, 11.3246420655349)-5-175.jpg,img/(44.48840917277192, 11.3246420655349)-5-220.jpg,img/(44.48840917277192, 11.3246420655349)-5-265.jpg,img/(44.48840917277192, 11.3246420655349)-5-310.jpg,img/(44.48840917277192, 11.3246420655349)-5-355.jpg,44.48840917277192,11.3246420655349,
img/(44.487544352847415, 11.316274511982256)-6-0.jpg,img/(44.487544352847415, 11.316274511982256)-6-45.jpg,img/(44.487544352847415, 11.316274511982256)-6-90.jpg,img/(44.487544352847415, 11.316274511982256)-6-135.jpg,img/(44.487544352847415, 11.316274511982256)-6-175.jpg,img/(44.487544352847415, 11.316274511982256)-6-220.jpg,img/(44.487544352847415, 11.316274511982256)-6-265.jpg,img/(44.487544352847415, 11.316274511982256)-6-310.jpg,img/(44.487544352847415, 11.316274511982256)-6-355.jpg,44.487544352847415,11.316274511982256,
img/(44.486306387648646, 11.368876324296686)-7-0.jpg,img/(44.486306387648646, 11.368876324296686)-7-45.jpg,img/(44.486306387648646, 11.368876324296686)-7-90.jpg,img/(44.486306387648646, 11.368876324296686)-7-135.jpg,img/(44.486306387648646, 11.368876324296686)-7-175.jpg,img/(44.486306387648646, 11.368876324296686)-7-220.jpg,img/(44.486306387648646, 11.368876324296686)-7-265.jpg,img/(44.486306387648646, 11.368876324296686)-7-310.jpg,img/(44.486306387648646, 11.368876324296686)-7-355.jpg,44.486306387648646,11.368876324296686,
img/(44.483888934425686, 11.365337971642067)-8-0.jpg,img/(44.483888934425686, 11.365337971642067)-8-45.jpg,img/(44.483888934425686, 11.365337971642067)-8-90.jpg,img/(44.483888934425686, 11.365337971642067)-8-135.jpg,img/(44.483888934425686, 11.365337971642067)-8-175.jpg,img/(44.483888934425686, 11.365337971642067)-8-220.jpg,img/(44.483888934425686, 11.365337971642067)-8-265.jpg,img/(44.483888934425686, 11.365337971642067)-8-310.jpg,img/(44.483888934425686, 11.365337971642067)-8-355.jpg,44.483888934425686,11.365337971642067,
img/(44.48651241505498, 11.337865920428825)-9-0.jpg,img/(44.48651241505498, 11.337865920428825)-9-45.jpg,img/(44.48651241505498, 11.337865920428825)-9-90.jpg,img/(44.48651241505498, 11.337865920428825)-9-135.jpg,img/(44.48651241505498, 11.337865920428825)-9-175.jpg,img/(44.48651241505498, 11.337865920428825)-9-220.jpg,img/(44.48651241505498, 11.337865920428825)-9-265.jpg,img/(44.48651241505498, 11.337865920428825)-9-310.jpg,img/(44.48651241505498, 11.337865920428825)-9-355.jpg,44.48651241505498,11.337865920428825,
img/(44.496804533663855, 11.335466189419098)-10-0.jpg,img/(44.496804533663855, 11.335466189419098)-10-45.jpg,img/(44.496804533663855, 11.335466189419098)-10-90.jpg,img/(44.496804533663855, 11.335466189419098)-10-135.jpg,img/(44.496804533663855, 11.335466189419098)-10-175.jpg,img/(44.496804533663855, 11.335466189419098)-10-220.jpg,img/(44.496804533663855, 11.335466189419098)-10-265.jpg,img/(44.496804533663855, 11.335466189419098)-10-310.jpg,img/(44.496804533663855, 11.335466189419098)-10-355.jpg,44.496804533663855,11.335466189419098,
img/(44.48720284053947, 11.34354356813153)-11-0.jpg,img/(44.48720284053947, 11.34354356813153)-11-45.jpg,img/(44.48720284053947, 11.34354356813153)-11-90.jpg,img/(44.48720284053947, 11.34354356813153)-11-135.jpg,img/(44.48720284053947, 11.34354356813153)-11-175.jpg,img/(44.48720284053947, 11.34354356813153)-11-220.jpg,img/(44.48720284053947, 11.34354356813153)-11-265.jpg,img/(44.48720284053947, 11.34354356813153)-11-310.jpg,img/(44.48720284053947, 11.34354356813153)-11-355.jpg,44.48720284053947,11.34354356813153,
img/(44.4898361099245, 11.370935852742985)-12-0.jpg,img/(44.4898361099245, 11.370935852742985)-12-45.jpg,img/(44.4898361099245, 11.370935852742985)-12-90.jpg,img/(44.4898361099245, 11.370935852742985)-12-135.jpg,img/(44.4898361099245, 11.370935852742985)-12-175.jpg,img/(44.4898361099245, 11.370935852742985)-12-220.jpg,img/(44.4898361099245, 11.370935852742985)-12-265.jpg,img/(44.4898361099245, 11.370935852742985)-12-310.jpg,img/(44.4898361099245, 11.370935852742985)-12-355.jpg,44.4898361099245,11.370935852742985,
img/(44.48843560450259, 11.350778405431791)-13-0.jpg,img/(44.48843560450259, 11.350778405431791)-13-45.jpg,img/(44.48843560450259, 11.350778405431791)-13-90.jpg,img/(44.48843560450259, 11.350778405431791)-13-135.jpg,img/(44.48843560450259, 11.350778405431791)-13-175.jpg,img/(44.48843560450259, 11.350778405431791)-13-220.jpg,img/(44.48843560450259, 11.350778405431791)-13-265.jpg,img/(44.48843560450259, 11.350778405431791)-13-310.jpg,img/(44.48843560450259, 11.350778405431791)-13-355.jpg,44.48843560450259,11.350778405431791,
img/(44.49400322313588, 11.341443397071119)-14-0.jpg,img/(44.49400322313588, 11.341443397071119)-14-45.jpg,img/(44.49400322313588, 11.341443397071119)-14-90.jpg,img/(44.49400322313588, 11.341443397071119)-14-135.jpg,img/(44.49400322313588, 11.341443397071119)-14-175.jpg,img/(44.49400322313588, 11.341443397071119)-14-220.jpg,img/(44.49400322313588, 11.341443397071119)-14-265.jpg,img/(44.49400322313588, 11.341443397071119)-14-310.jpg,img/(44.49400322313588, 11.341443397071119)-14-355.jpg,44.49400322313588,11.341443397071119,
img/(44.483401928353885, 11.350653062636955)-15-0.jpg,img/(44.483401928353885, 11.350653062636955)-15-45.jpg,img/(44.483401928353885, 11.350653062636955)-15-90.jpg,img/(44.483401928353885, 11.350653062636955)-15-135.jpg,img/(44.483401928353885, 11.350653062636955)-15-175.jpg,img/(44.483401928353885, 11.350653062636955)-15-220.jpg,img/(44.483401928353885, 11.350653062636955)-15-265.jpg,img/(44.483401928353885, 11.350653062636955)-15-310.jpg,img/(44.483401928353885, 11.350653062636955)-15-355.jpg,44.483401928353885,11.350653062636955,
img/(44.48032165924644, 11.305386938243437)-16-0.jpg,img/(44.48032165924644, 11.305386938243437)-16-45.jpg,img/(44.48032165924644, 11.305386938243437)-16-90.jpg,img/(44.48032165924644, 11.305386938243437)-16-135.jpg,img/(44.48032165924644, 11.305386938243437)-16-175.jpg,img/(44.48032165924644, 11.305386938243437)-16-220.jpg,img/(44.48032165924644, 11.305386938243437)-16-265.jpg,img/(44.48032165924644, 11.305386938243437)-16-310.jpg,img/(44.48032165924644, 11.305386938243437)-16-355.jpg,44.48032165924644,11.305386938243437,
img/(44.49714643868962, 11.363708394220804)-17-0.jpg,img/(44.49714643868962, 11.363708394220804)-17-45.jpg,img/(44.49714643868962, 11.363708394220804)-17-90.jpg,img/(44.49714643868962, 11.363708394220804)-17-135.jpg,img/(44.49714643868962, 11.363708394220804)-17-175.jpg,img/(44.49714643868962, 11.363708394220804)-17-220.jpg,img/(44.49714643868962, 11.363708394220804)-17-265.jpg,img/(44.49714643868962, 11.363708394220804)-17-310.jpg,img/(44.49714643868962, 11.363708394220804)-17-355.jpg,44.49714643868962,11.363708394220804,
img/(44.482541786723765, 11.307739607758041)-18-0.jpg,img/(44.482541786723765, 11.307739607758041)-18-45.jpg,img/(44.482541786723765, 11.307739607758041)-18-90.jpg,img/(44.482541786723765, 11.307739607758041)-18-135.jpg,img/(44.482541786723765, 11.307739607758041)-18-175.jpg,img/(44.482541786723765, 11.307739607758041)-18-220.jpg,img/(44.482541786723765, 11.307739607758041)-18-265.jpg,img/(44.482541786723765, 11.307739607758041)-18-310.jpg,img/(44.482541786723765, 11.307739607758041)-18-355.jpg,44.482541786723765,11.307739607758041,
img/(44.48505428506472, 11.325501564387567)-19-0.jpg,img/(44.48505428506472, 11.325501564387567)-19-45.jpg,img/(44.48505428506472, 11.325501564387567)-19-90.jpg,img/(44.48505428506472, 11.325501564387567)-19-135.jpg,img/(44.48505428506472, 11.325501564387567)-19-175.jpg,img/(44.48505428506472, 11.325501564387567)-19-220.jpg,img/(44.48505428506472, 11.325501564387567)-19-265.jpg,img/(44.48505428506472, 11.325501564387567)-19-310.jpg,img/(44.48505428506472, 11.325501564387567)-19-355.jpg,44.48505428506472,11.325501564387567,
img/(44.48947974977053, 11.349776952391476)-20-0.jpg,img/(44.48947974977053, 11.349776952391476)-20-45.jpg,img/(44.48947974977053, 11.349776952391476)-20-90.jpg,img/(44.48947974977053, 11.349776952391476)-20-135.jpg,img/(44.48947974977053, 11.349776952391476)-20-175.jpg,img/(44.48947974977053, 11.349776952391476)-20-220.jpg,img/(44.48947974977053, 11.349776952391476)-20-265.jpg,img/(44.48947974977053, 11.349776952391476)-20-310.jpg,img/(44.48947974977053, 11.349776952391476)-20-355.jpg,44.48947974977053,11.349776952391476,
img/(44.484023346035265, 11.35666228676051)-21-0.jpg,img/(44.484023346035265, 11.35666228676051)-21-45.jpg,img/(44.484023346035265, 11.35666228676051)-21-90.jpg,img/(44.484023346035265, 11.35666228676051)-21-135.jpg,img/(44.484023346035265, 11.35666228676051)-21-175.jpg,img/(44.484023346035265, 11.35666228676051)-21-220.jpg,img/(44.484023346035265, 11.35666228676051)-21-265.jpg,img/(44.484023346035265, 11.35666228676051)-21-310.jpg,img/(44.484023346035265, 11.35666228676051)-21-355.jpg,44.484023346035265,11.35666228676051,
img/(44.49331434452111, 11.320697126910334)-22-0.jpg,img/(44.49331434452111, 11.320697126910334)-22-45.jpg,img/(44.49331434452111, 11.320697126910334)-22-90.jpg,img/(44.49331434452111, 11.320697126910334)-22-135.jpg,img/(44.49331434452111, 11.320697126910334)-22-175.jpg,img/(44.49331434452111, 11.320697126910334)-22-220.jpg,img/(44.49331434452111, 11.320697126910334)-22-265.jpg,img/(44.49331434452111, 11.320697126910334)-22-310.jpg,img/(44.49331434452111, 11.320697126910334)-22-355.jpg,44.49331434452111,11.320697126910334,
img/(44.487753858076175, 11.357554986778192)-23-0.jpg,img/(44.487753858076175, 11.357554986778192)-23-45.jpg,img/(44.487753858076175, 11.357554986778192)-23-90.jpg,img/(44.487753858076175, 11.357554986778192)-23-135.jpg,img/(44.487753858076175, 11.357554986778192)-23-175.jpg,img/(44.487753858076175, 11.357554986778192)-23-220.jpg,img/(44.487753858076175, 11.357554986778192)-23-265.jpg,img/(44.487753858076175, 11.357554986778192)-23-310.jpg,img/(44.487753858076175, 11.357554986778192)-23-355.jpg,44.487753858076175,11.357554986778192,
img/(44.49053780110904, 11.358057988628687)-24-0.jpg,img/(44.49053780110904, 11.358057988628687)-24-45.jpg,img/(44.49053780110904, 11.358057988628687)-24-90.jpg,img/(44.49053780110904, 11.358057988628687)-24-135.jpg,img/(44.49053780110904, 11.358057988628687)-24-175.jpg,img/(44.49053780110904, 11.358057988628687)-24-220.jpg,img/(44.49053780110904, 11.358057988628687)-24-265.jpg,img/(44.49053780110904, 11.358057988628687)-24-310.jpg,img/(44.49053780110904, 11.358057988628687)-24-355.jpg,44.49053780110904,11.358057988628687,
img/(44.49497245020743, 11.307424775516804)-25-0.jpg,img/(44.49497245020743, 11.307424775516804)-25-45.jpg,img/(44.49497245020743, 11.307424775516804)-25-90.jpg,img/(44.49497245020743, 11.307424775516804)-25-135.jpg,img/(44.49497245020743, 11.307424775516804)-25-175.jpg,img/(44.49497245020743, 11.307424775516804)-25-220.jpg,img/(44.49497245020743, 11.307424775516804)-25-265.jpg,img/(44.49497245020743, 11.307424775516804)-25-310.jpg,img/(44.49497245020743, 11.307424775516804)-25-355.jpg,44.49497245020743,11.307424775516804,
img/(44.48501041774646, 11.347258895353793)-26-0.jpg,img/(44.48501041774646, 11.347258895353793)-26-45.jpg,img/(44.48501041774646, 11.347258895353793)-26-90.jpg,img/(44.48501041774646, 11.347258895353793)-26-135.jpg,img/(44.48501041774646, 11.347258895353793)-26-175.jpg,img/(44.48501041774646, 11.347258895353793)-26-220.jpg,img/(44.48501041774646, 11.347258895353793)-26-265.jpg,img/(44.48501041774646, 11.347258895353793)-26-310.jpg,img/(44.48501041774646, 11.347258895353793)-26-355.jpg,44.48501041774646,11.347258895353793,
img/(44.48567177433325, 11.337193829416885)-27-0.jpg,img/(44.48567177433325, 11.337193829416885)-27-45.jpg,img/(44.48567177433325, 11.337193829416885)-27-90.jpg,img/(44.48567177433325, 11.337193829416885)-27-135.jpg,img/(44.48567177433325, 11.337193829416885)-27-175.jpg,img/(44.48567177433325, 11.337193829416885)-27-220.jpg,img/(44.48567177433325, 11.337193829416885)-27-265.jpg,img/(44.48567177433325, 11.337193829416885)-27-310.jpg,img/(44.48567177433325, 11.337193829416885)-27-355.jpg,44.48567177433325,11.337193829416885,
img/(44.49920559184298, 11.329574288734683)-28-0.jpg,img/(44.49920559184298, 11.329574288734683)-28-45.jpg,img/(44.49920559184298, 11.329574288734683)-28-90.jpg,img/(44.49920559184298, 11.329574288734683)-28-135.jpg,img/(44.49920559184298, 11.329574288734683)-28-175.jpg,img/(44.49920559184298, 11.329574288734683)-28-220.jpg,img/(44.49920559184298, 11.329574288734683)-28-265.jpg,img/(44.49920559184298, 11.329574288734683)-28-310.jpg,img/(44.49920559184298, 11.329574288734683)-28-355.jpg,44.49920559184298,11.329574288734683,
img/(44.4836453833863, 11.30469557391932)-29-0.jpg,img/(44.4836453833863, 11.30469557391932)-29-45.jpg,img/(44.4836453833863, 11.30469557391932)-29-90.jpg,img/(44.4836453833863, 11.30469557391932)-29-135.jpg,img/(44.4836453833863, 11.30469557391932)-29-175.jpg,img/(44.4836453833863, 11.30469557391932)-29-220.jpg,img/(44.4836453833863, 11.30469557391932)-29-265.jpg,img/(44.4836453833863, 11.30469557391932)-29-310.jpg,img/(44.4836453833863, 11.30469557391932)-29-355.jpg,44.4836453833863,11.30469557391932,
img/(44.489473307165895, 11.36187267906668)-30-0.jpg,img/(44.489473307165895, 11.36187267906668)-30-45.jpg,img/(44.489473307165895, 11.36187267906668)-30-90.jpg,img/(44.489473307165895, 11.36187267906668)-30-135.jpg,img/(44.489473307165895, 11.36187267906668)-30-175.jpg,img/(44.489473307165895, 11.36187267906668)-30-220.jpg,img/(44.489473307165895, 11.36187267906668)-30-265.jpg,img/(44.489473307165895, 11.36187267906668)-30-310.jpg,img/(44.489473307165895, 11.36187267906668)-30-355.jpg,44.489473307165895,11.36187267906668,
img/(44.49817112689684, 11.347783174866237)-31-0.jpg,img/(44.49817112689684, 11.347783174866237)-31-45.jpg,img/(44.49817112689684, 11.347783174866237)-31-90.jpg,img/(44.49817112689684, 11.347783174866237)-31-135.jpg,img/(44.49817112689684, 11.347783174866237)-31-175.jpg,img/(44.49817112689684, 11.347783174866237)-31-220.jpg,img/(44.49817112689684, 11.347783174866237)-31-265.jpg,img/(44.49817112689684, 11.347783174866237)-31-310.jpg,img/(44.49817112689684, 11.347783174866237)-31-355.jpg,44.49817112689684,11.347783174866237,
img/(44.48040314366004, 11.320275930981012)-32-0.jpg,img/(44.48040314366004, 11.320275930981012)-32-45.jpg,img/(44.48040314366004, 11.320275930981012)-32-90.jpg,img/(44.48040314366004, 11.320275930981012)-32-135.jpg,img/(44.48040314366004, 11.320275930981012)-32-175.jpg,img/(44.48040314366004, 11.320275930981012)-32-220.jpg,img/(44.48040314366004, 11.320275930981012)-32-265.jpg,img/(44.48040314366004, 11.320275930981012)-32-310.jpg,img/(44.48040314366004, 11.320275930981012)-32-355.jpg,44.48040314366004,11.320275930981012,
img/(44.499340418231704, 11.317145336195484)-33-0.jpg,img/(44.499340418231704, 11.317145336195484)-33-45.jpg,img/(44.499340418231704, 11.317145336195484)-33-90.jpg,img/(44.499340418231704, 11.317145336195484)-33-135.jpg,img/(44.499340418231704, 11.317145336195484)-33-175.jpg,img/(44.499340418231704, 11.317145336195484)-33-220.jpg,img/(44.499340418231704, 11.317145336195484)-33-265.jpg,img/(44.499340418231704, 11.317145336195484)-33-310.jpg,img/(44.499340418231704, 11.317145336195484)-33-355.jpg,44.499340418231704,11.317145336195484,
img/(44.49921980515385, 11.330505105786196)-34-0.jpg,img/(44.49921980515385, 11.330505105786196)-34-45.jpg,img/(44.49921980515385, 11.330505105786196)-34-90.jpg,img/(44.49921980515385, 11.330505105786196)-34-135.jpg,img/(44.49921980515385, 11.330505105786196)-34-175.jpg,img/(44.49921980515385, 11.330505105786196)-34-220.jpg,img/(44.49921980515385, 11.330505105786196)-34-265.jpg,img/(44.49921980515385, 11.330505105786196)-34-310.jpg,img/(44.49921980515385, 11.330505105786196)-34-355.jpg,44.49921980515385,11.330505105786196,
img/(44.48699355262814, 11.36879214115527)-35-0.jpg,img/(44.48699355262814, 11.36879214115527)-35-45.jpg,img/(44.48699355262814, 11.36879214115527)-35-90.jpg,img/(44.48699355262814, 11.36879214115527)-35-135.jpg,img/(44.48699355262814, 11.36879214115527)-35-175.jpg,img/(44.48699355262814, 11.36879214115527)-35-220.jpg,img/(44.48699355262814, 11.36879214115527)-35-265.jpg,img/(44.48699355262814, 11.36879214115527)-35-310.jpg,img/(44.48699355262814, 11.36879214115527)-35-355.jpg,44.48699355262814,11.36879214115527,
img/(44.49072104430951, 11.330757722046853)-36-0.jpg,img/(44.49072104430951, 11.330757722046853)-36-45.jpg,img/(44.49072104430951, 11.330757722046853)-36-90.jpg,img/(44.49072104430951, 11.330757722046853)-36-135.jpg,img/(44.49072104430951, 11.330757722046853)-36-175.jpg,img/(44.49072104430951, 11.330757722046853)-36-220.jpg,img/(44.49072104430951, 11.330757722046853)-36-265.jpg,img/(44.49072104430951, 11.330757722046853)-36-310.jpg,img/(44.49072104430951, 11.330757722046853)-36-355.jpg,44.49072104430951,11.330757722046853,
img/(44.482147179840496, 11.352206382560343)-37-0.jpg,img/(44.482147179840496, 11.352206382560343)-37-45.jpg,img/(44.482147179840496, 11.352206382560343)-37-90.jpg,img/(44.482147179840496, 11.352206382560343)-37-135.jpg,img/(44.482147179840496, 11.352206382560343)-37-175.jpg,img/(44.482147179840496, 11.352206382560343)-37-220.jpg,img/(44.482147179840496, 11.352206382560343)-37-265.jpg,img/(44.482147179840496, 11.352206382560343)-37-310.jpg,img/(44.482147179840496, 11.352206382560343)-37-355.jpg,44.482147179840496,11.352206382560343,
img/(44.48001080781846, 11.329728692225823)-38-0.jpg,img/(44.48001080781846, 11.329728692225823)-38-45.jpg,img/(44.48001080781846, 11.329728692225823)-38-90.jpg,img/(44.48001080781846, 11.329728692225823)-38-135.jpg,img/(44.48001080781846, 11.329728692225823)-38-175.jpg,img/(44.48001080781846, 11.329728692225823)-38-220.jpg,img/(44.48001080781846, 11.329728692225823)-38-265.jpg,img/(44.48001080781846, 11.329728692225823)-38-310.jpg,img/(44.48001080781846, 11.329728692225823)-38-355.jpg,44.48001080781846,11.329728692225823,
img/(44.485126573887165, 11.31398300676277)-39-0.jpg,img/(44.485126573887165, 11.31398300676277)-39-45.jpg,img/(44.485126573887165, 11.31398300676277)-39-90.jpg,img/(44.485126573887165, 11.31398300676277)-39-135.jpg,img/(44.485126573887165, 11.31398300676277)-39-175.jpg,img/(44.485126573887165, 11.31398300676277)-39-220.jpg,img/(44.485126573887165, 11.31398300676277)-39-265.jpg,img/(44.485126573887165, 11.31398300676277)-39-310.jpg,img/(44.485126573887165, 11.31398300676277)-39-355.jpg,44.485126573887165,11.31398300676277,
img/(44.480660098178554, 11.325734177268025)-40-0.jpg,img/(44.480660098178554, 11.325734177268025)-40-45.jpg,img/(44.480660098178554, 11.325734177268025)-40-90.jpg,img/(44.480660098178554, 11.325734177268025)-40-135.jpg,img/(44.480660098178554, 11.325734177268025)-40-175.jpg,img/(44.480660098178554, 11.325734177268025)-40-220.jpg,img/(44.480660098178554, 11.325734177268025)-40-265.jpg,img/(44.480660098178554, 11.325734177268025)-40-310.jpg,img/(44.480660098178554, 11.325734177268025)-40-355.jpg,44.480660098178554,11.325734177268025,
img/(44.48962320908938, 11.345185149164784)-41-0.jpg,img/(44.48962320908938, 11.345185149164784)-41-45.jpg,img/(44.48962320908938, 11.345185149164784)-41-90.jpg,img/(44.48962320908938, 11.345185149164784)-41-135.jpg,img/(44.48962320908938, 11.345185149164784)-41-175.jpg,img/(44.48962320908938, 11.345185149164784)-41-220.jpg,img/(44.48962320908938, 11.345185149164784)-41-265.jpg,img/(44.48962320908938, 11.345185149164784)-41-310.jpg,img/(44.48962320908938, 11.345185149164784)-41-355.jpg,44.48962320908938,11.345185149164784,
img/(44.485705298527776, 11.351387274830778)-42-0.jpg,img/(44.485705298527776, 11.351387274830778)-42-45.jpg,img/(44.485705298527776, 11.351387274830778)-42-90.jpg,img/(44.485705298527776, 11.351387274830778)-42-135.jpg,img/(44.485705298527776, 11.351387274830778)-42-175.jpg,img/(44.485705298527776, 11.351387274830778)-42-220.jpg,img/(44.485705298527776, 11.351387274830778)-42-265.jpg,img/(44.485705298527776, 11.351387274830778)-42-310.jpg,img/(44.485705298527776, 11.351387274830778)-42-355.jpg,44.485705298527776,11.351387274830778,
img/(44.48195963472371, 11.36661646172575)-43-0.jpg,img/(44.48195963472371, 11.36661646172575)-43-45.jpg,img/(44.48195963472371, 11.36661646172575)-43-90.jpg,img/(44.48195963472371, 11.36661646172575)-43-135.jpg,img/(44.48195963472371, 11.36661646172575)-43-175.jpg,img/(44.48195963472371, 11.36661646172575)-43-220.jpg,img/(44.48195963472371, 11.36661646172575)-43-265.jpg,img/(44.48195963472371, 11.36661646172575)-43-310.jpg,img/(44.48195963472371, 11.36661646172575)-43-355.jpg,44.48195963472371,11.36661646172575,
img/(44.49080383226049, 11.365639226436526)-44-0.jpg,img/(44.49080383226049, 11.365639226436526)-44-45.jpg,img/(44.49080383226049, 11.365639226436526)-44-90.jpg,img/(44.49080383226049, 11.365639226436526)-44-135.jpg,img/(44.49080383226049, 11.365639226436526)-44-175.jpg,img/(44.49080383226049, 11.365639226436526)-44-220.jpg,img/(44.49080383226049, 11.365639226436526)-44-265.jpg,img/(44.49080383226049, 11.365639226436526)-44-310.jpg,img/(44.49080383226049, 11.365639226436526)-44-355.jpg,44.49080383226049,11.365639226436526,
img/(44.4835187149045, 11.331013915845887)-45-0.jpg,img/(44.4835187149045, 11.331013915845887)-45-45.jpg,img/(44.4835187149045, 11.331013915845887)-45-90.jpg,img/(44.4835187149045, 11.331013915845887)-45-135.jpg,img/(44.4835187149045, 11.331013915845887)-45-175.jpg,img/(44.4835187149045, 11.331013915845887)-45-220.jpg,img/(44.4835187149045, 11.331013915845887)-45-265.jpg,img/(44.4835187149045, 11.331013915845887)-45-310.jpg,img/(44.4835187149045, 11.331013915845887)-45-355.jpg,44.4835187149045,11.331013915845887,
img/(44.49980086009057, 11.305925727465468)-46-0.jpg,img/(44.49980086009057, 11.305925727465468)-46-45.jpg,img/(44.49980086009057, 11.305925727465468)-46-90.jpg,img/(44.49980086009057, 11.305925727465468)-46-135.jpg,img/(44.49980086009057, 11.305925727465468)-46-175.jpg,img/(44.49980086009057, 11.305925727465468)-46-220.jpg,img/(44.49980086009057, 11.305925727465468)-46-265.jpg,img/(44.49980086009057, 11.305925727465468)-46-310.jpg,img/(44.49980086009057, 11.305925727465468)-46-355.jpg,44.49980086009057,11.305925727465468,
img/(44.483702867488034, 11.313903772798598)-47-0.jpg,img/(44.483702867488034, 11.313903772798598)-47-45.jpg,img/(44.483702867488034, 11.313903772798598)-47-90.jpg,img/(44.483702867488034, 11.313903772798598)-47-135.jpg,img/(44.483702867488034, 11.313903772798598)-47-175.jpg,img/(44.483702867488034, 11.313903772798598)-47-220.jpg,img/(44.483702867488034, 11.313903772798598)-47-265.jpg,img/(44.483702867488034, 11.313903772798598)-47-310.jpg,img/(44.483702867488034, 11.313903772798598)-47-355.jpg,44.483702867488034,11.313903772798598,
img/(44.486769443641535, 11.334437417800848)-48-0.jpg,img/(44.486769443641535, 11.334437417800848)-48-45.jpg,img/(44.486769443641535, 11.334437417800848)-48-90.jpg,img/(44.486769443641535, 11.334437417800848)-48-135.jpg,img/(44.486769443641535, 11.334437417800848)-48-175.jpg,img/(44.486769443641535, 11.334437417800848)-48-220.jpg,img/(44.486769443641535, 11.334437417800848)-48-265.jpg,img/(44.486769443641535, 11.334437417800848)-48-310.jpg,img/(44.486769443641535, 11.334437417800848)-48-355.jpg,44.486769443641535,11.334437417800848,
img/(44.49049935620664, 11.36257595400227)-49-0.jpg,img/(44.49049935620664, 11.36257595400227)-49-45.jpg,img/(44.49049935620664, 11.36257595400227)-49-90.jpg,img/(44.49049935620664, 11.36257595400227)-49-135.jpg,img/(44.49049935620664, 11.36257595400227)-49-175.jpg,img/(44.49049935620664, 11.36257595400227)-49-220.jpg,img/(44.49049935620664, 11.36257595400227)-49-265.jpg,img/(44.49049935620664, 11.36257595400227)-49-310.jpg,img/(44.49049935620664, 11.36257595400227)-49-355.jpg,44.49049935620664,11.36257595400227,
img/(44.49148724801836, 11.34773234980157)-50-0.jpg,img/(44.49148724801836, 11.34773234980157)-50-45.jpg,img/(44.49148724801836, 11.34773234980157)-50-90.jpg,img/(44.49148724801836, 11.34773234980157)-50-135.jpg,img/(44.49148724801836, 11.34773234980157)-50-175.jpg,img/(44.49148724801836, 11.34773234980157)-50-220.jpg,img/(44.49148724801836, 11.34773234980157)-50-265.jpg,img/(44.49148724801836, 11.34773234980157)-50-310.jpg,img/(44.49148724801836, 11.34773234980157)-50-355.jpg,44.49148724801836,11.34773234980157,
img/(44.493771588343286, 11.361812676821197)-51-0.jpg,img/(44.493771588343286, 11.361812676821197)-51-45.jpg,img/(44.493771588343286, 11.361812676821197)-51-90.jpg,img/(44.493771588343286, 11.361812676821197)-51-135.jpg,img/(44.493771588343286, 11.361812676821197)-51-175.jpg,img/(44.493771588343286, 11.361812676821197)-51-220.jpg,img/(44.493771588343286, 11.361812676821197)-51-265.jpg,img/(44.493771588343286, 11.361812676821197)-51-310.jpg,img/(44.493771588343286, 11.361812676821197)-51-355.jpg,44.493771588343286,11.361812676821197,
